{
  "project_info": {
    "project_number": "139906174535",
    "firebase_url": "https://flash-chat-844fe.firebaseio.com",
    "project_id": "flash-chat-844fe",
    "storage_bucket": "flash-chat-844fe.appspot.com"
  },
  "client": [
    {
      "client_info": {
        "mobilesdk_app_id": "1:139906174535:android:f55d526cba3e8f18476b62",
        "android_client_info": {
          "package_name": "co.SumitGarg.flash_chat"
        }
      },
      "oauth_client": [
        {
          "client_id": "139906174535-sbpkg9uenfi5ad7nek2rp93tjsgt76sl.apps.googleusercontent.com",
          "client_type": 3
        }
      ],
      "api_key": [
        {
          "current_key": "AIzaSyAe30gwcnxnB-H1pQoevK-_3rRAQwNq3xo"
        }
      ],
      "services": {
        "appinvite_service": {
          "other_platform_oauth_client": [
            {
              "client_id": "139906174535-sbpkg9uenfi5ad7nek2rp93tjsgt76sl.apps.googleusercontent.com",
              "client_type": 3
            }
          ]
        }
      }
    }
  ],
  "configuration_version": "1"
}